<?xml version="1.0" encoding="utf-8" ?><dwsync><file name="co.shwcase.10004.pem" server="ftp.adthrift.com/www/artists/" local="3447413666" remote="318763443846026232" Dst="-1" /><file name="co.shwcase.10019.pem" server="ftp.adthrift.com/www/artists/" local="3452110408" remote="318763443846026232" Dst="-1" /><file name="co.shwcase.10028.pem" server="ftp.adthrift.com/www/artists/" local="3452110376" remote="318763443846026232" Dst="-1" /><file name="co.shwcase.10033.pem" server="ftp.adthrift.com/www/artists/" local="3452110332" remote="318763443846026232" Dst="-1" /><file name="co.shwcase.10029.pem" server="ftp.adthrift.com/www/artists/" local="3452110360" remote="318763443846026232" Dst="-1" /><file name="co.shwcase.10030.pem" server="ftp.adthrift.com/www/artists/" local="3452110346" remote="318763443846026232" Dst="-1" /><file name="co.shwcase.10035.pem" server="ftp.adthrift.com/www/artists/" local="3452110304" remote="318763443846026232" Dst="-1" /><file name="co.shwcase.10036.pem" server="ftp.adthrift.com/www/artists/" local="3452110286" remote="318763443846026232" Dst="-1" /><file name="co.shwcase.10037.pem" server="ftp.adthrift.com/www/artists/" local="3452110272" remote="318763443846026232" Dst="-1" /><file name="co.shwcase.10038.pem" server="ftp.adthrift.com/www/artists/" local="3452110256" remote="318763443846026232" Dst="-1" /><file name="co.shwcase.10039.pem" server="ftp.adthrift.com/www/artists/" local="3452110234" remote="318763443846026232" Dst="-1" /><file name="co.shwcase.10041.pem" server="ftp.adthrift.com/www/artists/" local="3452110204" remote="318763443846026232" Dst="-1" /><file name="co.shwcase.10042.pem" server="ftp.adthrift.com/www/artists/" local="3452110190" remote="318763443846026232" Dst="-1" /><file name="co.shwcase.10043.pem" server="ftp.adthrift.com/www/artists/" local="3452110176" remote="318763443846026232" Dst="-1" /><file name="co.shwcase.10044.pem" server="ftp.adthrift.com/www/artists/" local="3452110158" remote="318763443846026232" Dst="-1" /><file name="co.shwcase.10045.pem" server="ftp.adthrift.com/www/artists/" local="3452110136" remote="318763443846026232" Dst="-1" /><file name="co.shwcase.10046.pem" server="ftp.adthrift.com/www/artists/" local="3452109908" remote="318763443846026232" Dst="-1" /><file name="co.shwcase.10047.pem" server="ftp.adthrift.com/www/artists/" local="3452109888" remote="318763443846026232" Dst="-1" /><file name="co.shwcase.10049.pem" server="ftp.adthrift.com/www/artists/" local="3452109870" remote="318763443846026232" Dst="-1" /><file name="co.shwcase.10050.pem" server="ftp.adthrift.com/www/artists/" local="3452109850" remote="318763443846026232" Dst="-1" /><file name="co.shwcase.10051.pem" server="ftp.adthrift.com/www/artists/" local="3452109836" remote="318763443846026232" Dst="-1" /><file name="co.shwcase.10052.pem" server="ftp.adthrift.com/www/artists/" local="3452109824" remote="318763443846026232" Dst="-1" /><file name="co.shwcase.10053.pem" server="ftp.adthrift.com/www/artists/" local="3452109810" remote="318763443846026232" Dst="-1" /><file name="co.shwcase.10054.pem" server="ftp.adthrift.com/www/artists/" local="3451946982" remote="318763443846026232" Dst="-1" /><file name="co.shwcase.10055.pem" server="ftp.adthrift.com/www/artists/" local="3452109788" remote="318763443846026232" Dst="-1" /><file name="co.shwcase.10056.pem" server="ftp.adthrift.com/www/artists/" local="3452109774" remote="318763443846026232" Dst="-1" /><file name="co.shwcase.10057.pem" server="ftp.adthrift.com/www/artists/" local="3452109754" remote="318763443846026232" Dst="-1" /><file name="co.shwcase.10058.pem" server="ftp.adthrift.com/www/artists/" local="3452109738" remote="318763443846026232" Dst="-1" /><file name="co.shwcase.10059.pem" server="ftp.adthrift.com/www/artists/" local="3452109722" remote="318763443846026232" Dst="-1" /><file name="co.shwcase.10060.pem" server="ftp.adthrift.com/www/artists/" local="3452109706" remote="318763443846026232" Dst="-1" /><file name="co.shwcase.10061.pem" server="ftp.adthrift.com/www/artists/" local="3452109662" remote="318763443846026232" Dst="-1" /><file name="co.shwcase.10062.pem" server="ftp.adthrift.com/www/artists/" local="3452109640" remote="318763443846026232" Dst="-1" /><file name="co.shwcase.10063.pem" server="ftp.adthrift.com/www/artists/" local="3452109626" remote="318763443846026232" Dst="-1" /><file name="co.shwcase.10064.pem" server="ftp.adthrift.com/www/artists/" local="3452109612" remote="318763443846026232" Dst="-1" /><file name="co.shwcase.10066.pem" server="ftp.adthrift.com/www/artists/" local="3452109580" remote="318763443846026232" Dst="-1" /><file name="co.shwcase.10067.pem" server="ftp.adthrift.com/www/artists/" local="3452109566" remote="318763443846026232" Dst="-1" /><file name="co.shwcase.10065.pem" server="ftp.adthrift.com/www/artists/" local="3452109600" remote="318763443846026232" Dst="-1" /><file name="co.shwcase.10068.pem" server="ftp.adthrift.com/www/artists/" local="3452109552" remote="318763443846026232" Dst="-1" /><file name="co.shwcase.10069.pem" server="ftp.adthrift.com/www/artists/" local="3452109534" remote="318763443846026232" Dst="-1" /><file name="co.shwcase.10072.pem" server="ftp.adthrift.com/www/artists/" local="3452109488" remote="318763443846026232" Dst="-1" /><file name="co.shwcase.10074.pem" server="ftp.adthrift.com/www/artists/" local="3452109464" remote="318763443846026232" Dst="-1" /></dwsync>