<?xml version="1.0" encoding="utf-8" ?><dwsync><file name="bootstrap-affix.js" server="ftp.adthrift.com/www/artists/" local="3447111310" remote="318763443846026292" Dst="-1" /><file name="bootstrap-alert.js" server="ftp.adthrift.com/www/artists/" local="3447111310" remote="318763443846026292" Dst="-1" /><file name="bootstrap-button.js" server="ftp.adthrift.com/www/artists/" local="3447111310" remote="318763443846026292" Dst="-1" /><file name="bootstrap-carousel.js" server="ftp.adthrift.com/www/artists/" local="3447111310" remote="318763443846026292" Dst="-1" /><file name="bootstrap-collapse.js" server="ftp.adthrift.com/www/artists/" local="3447111310" remote="318763443846026292" Dst="-1" /><file name="bootstrap-datepicker.js" server="ftp.adthrift.com/www/artists/" local="3447111310" remote="318763443846026292" Dst="-1" /><file name="bootstrap-dropdown.js" server="ftp.adthrift.com/www/artists/" local="3447111310" remote="318763443846026292" Dst="-1" /><file name="bootstrap-fileupload.js" server="ftp.adthrift.com/www/artists/" local="3447111310" remote="318763443846026292" Dst="-1" /><file name="bootstrap-inputmask.js.js" server="ftp.adthrift.com/www/artists/" local="3447111310" remote="318763443846026292" Dst="-1" /><file name="bootstrap-modal.js" server="ftp.adthrift.com/www/artists/" local="3447111310" remote="318763443846026292" Dst="-1" /><file name="bootstrap-popover.js" server="ftp.adthrift.com/www/artists/" local="3447111312" remote="318763443846026292" Dst="-1" /><file name="bootstrap-scrollspy.js" server="ftp.adthrift.com/www/artists/" local="3447111312" remote="318763443846026292" Dst="-1" /><file name="bootstrap-tab.js" server="ftp.adthrift.com/www/artists/" local="3447111312" remote="318763443846026292" Dst="-1" /><file name="bootstrap-tooltip.js" server="ftp.adthrift.com/www/artists/" local="3447111312" remote="318763443846026292" Dst="-1" /><file name="bootstrap-transition.js" server="ftp.adthrift.com/www/artists/" local="3447111312" remote="318763443846026292" Dst="-1" /><file name="bootstrap-typeahead.js" server="ftp.adthrift.com/www/artists/" local="3447111312" remote="318763443846026292" Dst="-1" /><file name="bootstrap.min.js" server="ftp.adthrift.com/www/artists/" local="3447111312" remote="318763443846026292" Dst="-1" /><file name="bootstrap.js" server="ftp.adthrift.com/www/artists/" local="3447111312" remote="318763443846026292" Dst="-1" /><file name="jquery.js" server="ftp.adthrift.com/www/artists/" local="3447111314" remote="318763443846026292" Dst="-1" /></dwsync>