<?xml version="1.0" encoding="utf-8" ?><dwsync><file name=".DS_Store" server="ftp.adthrift.com/www/artists/" local="3447111268" remote="318763443846026172" Dst="-1" /><file name="agree.png" server="ftp.adthrift.com/www/artists/" local="3447326928" remote="318763443846026172" Dst="-1" /><file name="agree2.png" server="ftp.adthrift.com/www/artists/" local="3447111268" remote="318763443846026172" Dst="-1" /><file name="agree.psd" server="ftp.adthrift.com/www/artists/" local="3447111270" remote="318763443846026172" Dst="-1" /><file name="banking.png" server="ftp.adthrift.com/www/artists/" local="3447111270" remote="318763443846026172" Dst="-1" /><file name="banking.psd" server="ftp.adthrift.com/www/artists/" local="3447111270" remote="318763443846026172" Dst="-1" /><file name="contact.png" server="ftp.adthrift.com/www/artists/" local="3447111270" remote="318763443846026172" Dst="-1" /><file name="contact.psd" server="ftp.adthrift.com/www/artists/" local="3447111272" remote="318763443846026172" Dst="-1" /><file name="agree2.psd" server="ftp.adthrift.com/www/artists/" local="3447111270" remote="318763443846026172" Dst="-1" /><file name="contact2.png" server="ftp.adthrift.com/www/artists/" local="3447111272" remote="318763443846026172" Dst="-1" /><file name="manage.png" server="ftp.adthrift.com/www/artists/" local="3447111272" remote="318763443846026172" Dst="-1" /><file name="contact2.psd" server="ftp.adthrift.com/www/artists/" local="3447111272" remote="318763443846026172" Dst="-1" /><file name="manage2.png" server="ftp.adthrift.com/www/artists/" local="3447111272" remote="318763443846026172" Dst="-1" /><file name="news.png" server="ftp.adthrift.com/www/artists/" local="3447111274" remote="318763443846026172" Dst="-1" /><file name="manage.psd" server="ftp.adthrift.com/www/artists/" local="3447111274" remote="318763443846026172" Dst="-1" /><file name="manage2.psd" server="ftp.adthrift.com/www/artists/" local="3447111274" remote="318763443846026172" Dst="-1" /><file name="news2.png" server="ftp.adthrift.com/www/artists/" local="3447111274" remote="318763443846026172" Dst="-1" /><file name="noagree.png" server="ftp.adthrift.com/www/artists/" local="3447111274" remote="318763443846026172" Dst="-1" /><file name="nohelp.png" server="ftp.adthrift.com/www/artists/" local="3447111276" remote="318763443846026172" Dst="-1" /><file name="news.psd" server="ftp.adthrift.com/www/artists/" local="3447111276" remote="318763443846026172" Dst="-1" /><file name="nonews.png" server="ftp.adthrift.com/www/artists/" local="3447111276" remote="318763443846026172" Dst="-1" /><file name="noagree.psd" server="ftp.adthrift.com/www/artists/" local="3447111276" remote="318763443846026232" Dst="-1" /><file name="noquestion.png" server="ftp.adthrift.com/www/artists/" local="3447111276" remote="318763443846026232" Dst="-1" /><file name="nonews.psd" server="ftp.adthrift.com/www/artists/" local="3447111278" remote="318763443846026232" Dst="-1" /><file name="norevenue.png" server="ftp.adthrift.com/www/artists/" local="3447111278" remote="318763443846026232" Dst="-1" /><file name="noquestion.psd" server="ftp.adthrift.com/www/artists/" local="3447111278" remote="318763443846026232" Dst="-1" /><file name="question.png" server="ftp.adthrift.com/www/artists/" local="3447111278" remote="318763443846026232" Dst="-1" /><file name="question2.png" server="ftp.adthrift.com/www/artists/" local="3447111280" remote="318763443846026232" Dst="-1" /><file name="norevenue.psd" server="ftp.adthrift.com/www/artists/" local="3447111278" remote="318763443846026232" Dst="-1" /><file name="random.png" server="ftp.adthrift.com/www/artists/" local="3447111280" remote="318763443846026232" Dst="-1" /><file name="question.psd" server="ftp.adthrift.com/www/artists/" local="3447111280" remote="318763443846026232" Dst="-1" /><file name="revenue.png" server="ftp.adthrift.com/www/artists/" local="3447111280" remote="318763443846026232" Dst="-1" /><file name="revenue2.png" server="ftp.adthrift.com/www/artists/" local="3447111280" remote="318763443846026232" Dst="-1" /></dwsync>