<?xml version="1.0" encoding="utf-8" ?><dwsync><file name=".DS_Store" server="ftp.adthrift.com/www/artists/" local="3447111218" remote="318763443846026112" Dst="-1" /><file name="114x114.png" server="ftp.adthrift.com/www/artists/" local="3447111218" remote="318763443846026112" Dst="-1" /><file name="114x114transparent.png" server="ftp.adthrift.com/www/artists/" local="3447666386" remote="318763443846026112" Dst="-1" /><file name="128x128.png" server="ftp.adthrift.com/www/artists/" local="3447111218" remote="318763443846026112" Dst="-1" /><file name="144x144.png" server="ftp.adthrift.com/www/artists/" local="3447111218" remote="318763443846026112" Dst="-1" /><file name="32x32.png" server="ftp.adthrift.com/www/artists/" local="3447111218" remote="318763443846026112" Dst="-1" /><file name="512x512.png" server="ftp.adthrift.com/www/artists/" local="3447111218" remote="318763443846026112" Dst="-1" /><file name="57x57.png" server="ftp.adthrift.com/www/artists/" local="3447111220" remote="318763443846026112" Dst="-1" /><file name="72x72.png" server="ftp.adthrift.com/www/artists/" local="3447111220" remote="318763443846026112" Dst="-1" /><file name="a.jpg" server="ftp.adthrift.com/www/artists/" local="3447111220" remote="318763443846026112" Dst="-1" /><file name="addbtn.png" server="ftp.adthrift.com/www/artists/" local="3447111220" remote="318763443846026112" Dst="-1" /><file name="ajaxloader.gif" server="ftp.adthrift.com/www/artists/" local="3447111220" remote="318763443846026112" Dst="-1" /><file name="android-tablet-apps.jpg" server="ftp.adthrift.com/www/artists/" local="3447111222" remote="318763443846026112" Dst="-1" /><file name="app-store-vs-android-market.jpg" server="ftp.adthrift.com/www/artists/" local="3447111222" remote="318763443846026112" Dst="-1" /><file name="apple-touch-icon-114-precomposed.png" server="ftp.adthrift.com/www/artists/" local="3448025690" remote="318763443846026112" Dst="-1" /><file name="apple-touch-icon-144-precomposed.png" server="ftp.adthrift.com/www/artists/" local="3448025696" remote="318763443846026112" Dst="-1" /><file name="apple-touch-icon-57-precomposed.png" server="ftp.adthrift.com/www/artists/" local="3448025678" remote="318763443846026112" Dst="-1" /><file name="apple-touch-icon-72-precomposed.png" server="ftp.adthrift.com/www/artists/" local="3448025684" remote="318763443846026112" Dst="-1" /><file name="applemarket.png" server="ftp.adthrift.com/www/artists/" local="3447111224" remote="318763443846026112" Dst="-1" /><file name="APPSTORE.png" server="ftp.adthrift.com/www/artists/" local="3450640310" remote="318763443846026112" Dst="-1" /><file name="b.jpg" server="ftp.adthrift.com/www/artists/" local="3447111222" remote="318763443846026112" Dst="-1" /><file name="back_disabled.png" server="ftp.adthrift.com/www/artists/" local="3447111222" remote="318763443846026112" Dst="-1" /><file name="back_enabled.png" server="ftp.adthrift.com/www/artists/" local="3447111224" remote="318763443846026112" Dst="-1" /><file name="back_enabled_hover.png" server="ftp.adthrift.com/www/artists/" local="3447111224" remote="318763443846026112" Dst="-1" /><file name="Backbtn.png" server="ftp.adthrift.com/www/artists/" local="3447111224" remote="318763443846026112" Dst="-1" /><file name="Backbtn.psd" server="ftp.adthrift.com/www/artists/" local="3447111224" remote="318763443846026112" Dst="-1" /><file name="bg.jpg" server="ftp.adthrift.com/www/artists/" local="3447111226" remote="318763443846026112" Dst="-1" /><file name="bg.png" server="ftp.adthrift.com/www/artists/" local="3447111226" remote="318763443846026112" Dst="-1" /><file name="bg2.png" server="ftp.adthrift.com/www/artists/" local="3447111226" remote="318763443846026112" Dst="-1" /><file name="bg4.png" server="ftp.adthrift.com/www/artists/" local="3447111226" remote="318763443846026112" Dst="-1" /><file name="bg_button_a.gif" server="ftp.adthrift.com/www/artists/" local="3447111226" remote="318763443846026112" Dst="-1" /><file name="bg_button_span.gif" server="ftp.adthrift.com/www/artists/" local="3447111226" remote="318763443846026112" Dst="-1" /><file name="black.jpg" server="ftp.adthrift.com/www/artists/" local="3447111226" remote="318763443846026112" Dst="-1" /><file name="black.png" server="ftp.adthrift.com/www/artists/" local="3448731398" remote="318763443846026112" Dst="-1" /><file name="both.jpg" server="ftp.adthrift.com/www/artists/" local="3447111226" remote="318763443846026112" Dst="-1" /><file name="comment.png" server="ftp.adthrift.com/www/artists/" local="3447111228" remote="318763443846026112" Dst="-1" /><file name="c.jpg" server="ftp.adthrift.com/www/artists/" local="3447111228" remote="318763443846026112" Dst="-1" /><file name="confirm_btn.png" server="ftp.adthrift.com/www/artists/" local="3447111228" remote="318763443846026112" Dst="-1" /><file name="confirm_btn.psd" server="ftp.adthrift.com/www/artists/" local="3447111230" remote="318763443846026112" Dst="-1" /><file name="createbtn.png" server="ftp.adthrift.com/www/artists/" local="3447111230" remote="318763443846026112" Dst="-1" /><file name="createbtn_gray.png" server="ftp.adthrift.com/www/artists/" local="3447111230" remote="318763443846026112" Dst="-1" /><file name="d.jpg" server="ftp.adthrift.com/www/artists/" local="3447111232" remote="318763443846026112" Dst="-1" /><file name="Da-truth-big-picture.jpg" server="ftp.adthrift.com/www/artists/" local="3447111232" remote="318763443846026112" Dst="-1" /><file name="concert.jpg" server="ftp.adthrift.com/www/artists/" local="3452815057" remote="318763443846026172" Dst="-1" /><file name="darkbg.png" server="ftp.adthrift.com/www/artists/" local="3447111232" remote="318763443846026172" Dst="-1" /><file name="delete.png" server="ftp.adthrift.com/www/artists/" local="3447111232" remote="318763443846026172" Dst="-1" /><file name="Default.png" server="ftp.adthrift.com/www/artists/" local="3447111232" remote="318763443846026172" Dst="-1" /><file name="deletebtn.png" server="ftp.adthrift.com/www/artists/" local="3447111232" remote="318763443846026172" Dst="-1" /><file name="deletebtn2.png" server="ftp.adthrift.com/www/artists/" local="3447111232" remote="318763443846026172" Dst="-1" /><file name="deletebtn.psd" server="ftp.adthrift.com/www/artists/" local="3447111234" remote="318763443846026172" Dst="-1" /><file name="Donebtn.png" server="ftp.adthrift.com/www/artists/" local="3447111234" remote="318763443846026172" Dst="-1" /><file name="deletebtn2.psd" server="ftp.adthrift.com/www/artists/" local="3447111234" remote="318763443846026172" Dst="-1" /><file name="Donebtn.psd" server="ftp.adthrift.com/www/artists/" local="3447111234" remote="318763443846026172" Dst="-1" /><file name="down.gif" server="ftp.adthrift.com/www/artists/" local="3447111234" remote="318763443846026172" Dst="-1" /><file name="edit.png" server="ftp.adthrift.com/www/artists/" local="3447111234" remote="318763443846026172" Dst="-1" /><file name="dreamlogo.jpg" server="ftp.adthrift.com/www/artists/" local="3447111234" remote="318763443846026172" Dst="-1" /><file name="editbtn.png" server="ftp.adthrift.com/www/artists/" local="3447111234" remote="318763443846026172" Dst="-1" /><file name="edit2.png" server="ftp.adthrift.com/www/artists/" local="3447111234" remote="318763443846026172" Dst="-1" /><file name="email_header.png" server="ftp.adthrift.com/www/artists/" local="3447111236" remote="318763443846026172" Dst="-1" /><file name="editbtn.psd" server="ftp.adthrift.com/www/artists/" local="3447111236" remote="318763443846026172" Dst="-1" /><file name="email_header.psd" server="ftp.adthrift.com/www/artists/" local="3447111236" remote="318763443846026172" Dst="-1" /><file name="email_header2.png" server="ftp.adthrift.com/www/artists/" local="3447111236" remote="318763443846026172" Dst="-1" /><file name="facebook.jpg" server="ftp.adthrift.com/www/artists/" local="3447111236" remote="318763443846026172" Dst="-1" /><file name="favicon.ico" server="ftp.adthrift.com/www/artists/" local="3448028372" remote="318763443846026172" Dst="-1" /><file name="faucet.png" server="ftp.adthrift.com/www/artists/" local="3447111236" remote="318763443846026172" Dst="-1" /><file name="feedback.png" server="ftp.adthrift.com/www/artists/" local="3447111238" remote="318763443846026172" Dst="-1" /><file name="flickr.png" server="ftp.adthrift.com/www/artists/" local="3447111238" remote="318763443846026172" Dst="-1" /><file name="forward_disabled.png" server="ftp.adthrift.com/www/artists/" local="3447111238" remote="318763443846026172" Dst="-1" /><file name="forward_enabled.png" server="ftp.adthrift.com/www/artists/" local="3447111238" remote="318763443846026172" Dst="-1" /><file name="forward_enabled_hover.png" server="ftp.adthrift.com/www/artists/" local="3447111238" remote="318763443846026172" Dst="-1" /><file name="GOI.png" server="ftp.adthrift.com/www/artists/" local="3447111238" remote="318763443846026172" Dst="-1" /><file name="goi_icon.jpg" server="ftp.adthrift.com/www/artists/" local="3447111238" remote="318763443846026172" Dst="-1" /><file name="goi_icon.png" server="ftp.adthrift.com/www/artists/" local="3447111240" remote="318763443846026172" Dst="-1" /><file name="GOIbtn.png" server="ftp.adthrift.com/www/artists/" local="3447111240" remote="318763443846026172" Dst="-1" /><file name="GOIbtn1.png" server="ftp.adthrift.com/www/artists/" local="3447111240" remote="318763443846026172" Dst="-1" /><file name="goi.jpg" server="ftp.adthrift.com/www/artists/" local="3447111244" remote="318763443846026172" Dst="-1" /><file name="GOItree.png" server="ftp.adthrift.com/www/artists/" local="3447111242" remote="318763443846026172" Dst="-1" /><file name="GOIPhone.png" server="ftp.adthrift.com/www/artists/" local="3447111242" remote="318763443846026172" Dst="-1" /><file name="GOOGLEPLAY.png" server="ftp.adthrift.com/www/artists/" local="3450640314" remote="318763443846026172" Dst="-1" /><file name="headerimg.gif" server="ftp.adthrift.com/www/artists/" local="3447111242" remote="318763443846026172" Dst="-1" /><file name="headerimg.png" server="ftp.adthrift.com/www/artists/" local="3447111244" remote="318763443846026172" Dst="-1" /><file name="icon.png" server="ftp.adthrift.com/www/artists/" local="3450548872" remote="318763443846026172" Dst="-1" /><file name="iphone.png" server="ftp.adthrift.com/www/artists/" local="3447111244" remote="318763443846026172" Dst="-1" /><file name="iphone2.png" server="ftp.adthrift.com/www/artists/" local="3447111246" remote="318763443846026172" Dst="-1" /><file name="hands.jpg" server="ftp.adthrift.com/www/artists/" local="3452815065" remote="318763443846026172" Dst="-1" /><file name="iPhone4.png" server="ftp.adthrift.com/www/artists/" local="3447111246" remote="318763443846026172" Dst="-1" /><file name="justGOI.png" server="ftp.adthrift.com/www/artists/" local="3447111246" remote="318763443846026172" Dst="-1" /><file name="iphoneandipad.jpg" server="ftp.adthrift.com/www/artists/" local="3447111246" remote="318763443846026172" Dst="-1" /><file name="login.png" server="ftp.adthrift.com/www/artists/" local="3447111246" remote="318763443846026172" Dst="-1" /><file name="Logo.png" server="ftp.adthrift.com/www/artists/" local="3447111246" remote="318763443846026172" Dst="-1" /><file name="Logo@2x.png" server="ftp.adthrift.com/www/artists/" local="3447111246" remote="318763443846026172" Dst="-1" /><file name="LongTypeBox.png" server="ftp.adthrift.com/www/artists/" local="3447111246" remote="318763443846026172" Dst="-1" /><file name="manageContent.png" server="ftp.adthrift.com/www/artists/" local="3447111246" remote="318763443846026232" Dst="-1" /><file name="map.gif" server="ftp.adthrift.com/www/artists/" local="3447111246" remote="318763443846026232" Dst="-1" /><file name="message.png" server="ftp.adthrift.com/www/artists/" local="3447111248" remote="318763443846026232" Dst="-1" /><file name="map.png" server="ftp.adthrift.com/www/artists/" local="3447111248" remote="318763443846026232" Dst="-1" /><file name="nextbtn.png" server="ftp.adthrift.com/www/artists/" local="3447111248" remote="318763443846026232" Dst="-1" /><file name="nativeiphone.png" server="ftp.adthrift.com/www/artists/" local="3447111250" remote="318763443846026232" Dst="-1" /><file name="notpusblished.png" server="ftp.adthrift.com/www/artists/" local="3447111248" remote="318763443846026232" Dst="-1" /><file name="optimizedwebsite.jpg" server="ftp.adthrift.com/www/artists/" local="3447111250" remote="318763443846026232" Dst="-1" /><file name="optimizedwebsiteD.png" server="ftp.adthrift.com/www/artists/" local="3447111250" remote="318763443846026232" Dst="-1" /><file name="over.png" server="ftp.adthrift.com/www/artists/" local="3447111250" remote="318763443846026232" Dst="-1" /><file name="optimizedwebsite.png" server="ftp.adthrift.com/www/artists/" local="3447111250" remote="318763443846026232" Dst="-1" /><file name="pattern.png" server="ftp.adthrift.com/www/artists/" local="3447111250" remote="318763443846026232" Dst="-1" /><file name="pressed.png" server="ftp.adthrift.com/www/artists/" local="3447111250" remote="318763443846026232" Dst="-1" /><file name="phones.png" server="ftp.adthrift.com/www/artists/" local="3447111252" remote="318763443846026232" Dst="-1" /><file name="prev.png" server="ftp.adthrift.com/www/artists/" local="3447111252" remote="318763443846026232" Dst="-1" /><file name="pusblished.png" server="ftp.adthrift.com/www/artists/" local="3447111252" remote="318763443846026232" Dst="-1" /><file name="pushNote.png" server="ftp.adthrift.com/www/artists/" local="3447111252" remote="318763443846026232" Dst="-1" /><file name="question.png" server="ftp.adthrift.com/www/artists/" local="3447111252" remote="318763443846026232" Dst="-1" /><file name="question2.png" server="ftp.adthrift.com/www/artists/" local="3447111252" remote="318763443846026232" Dst="-1" /><file name="reg.png" server="ftp.adthrift.com/www/artists/" local="3447111252" remote="318763443846026232" Dst="-1" /><file name="reg_gray.png" server="ftp.adthrift.com/www/artists/" local="3447111252" remote="318763443846026232" Dst="-1" /><file name="register.png" server="ftp.adthrift.com/www/artists/" local="3447111252" remote="318763443846026232" Dst="-1" /><file name="rounded.gif" server="ftp.adthrift.com/www/artists/" local="3447111252" remote="318763443846026232" Dst="-1" /><file name="savebtn.png" server="ftp.adthrift.com/www/artists/" local="3447111254" remote="318763443846026232" Dst="-1" /><file name="savebtn1.png" server="ftp.adthrift.com/www/artists/" local="3447111254" remote="318763443846026232" Dst="-1" /><file name="screen1.jpg" server="ftp.adthrift.com/www/artists/" local="3450640298" remote="318763443846026232" Dst="-1" /><file name="screen2.jpg" server="ftp.adthrift.com/www/artists/" local="3450640292" remote="318763443846026232" Dst="-1" /><file name="performance.jpg" server="ftp.adthrift.com/www/artists/" local="3452815062" remote="318763443846026232" Dst="-1" /><file name="screen3.jpg" server="ftp.adthrift.com/www/artists/" local="3450640304" remote="318763443846026232" Dst="-1" /><file name="send.png" server="ftp.adthrift.com/www/artists/" local="3447111254" remote="318763443846026232" Dst="-1" /><file name="settings.png" server="ftp.adthrift.com/www/artists/" local="3447111254" remote="318763443846026232" Dst="-1" /><file name="SettingsGOI.png" server="ftp.adthrift.com/www/artists/" local="3447111254" remote="318763443846026232" Dst="-1" /><file name="Sign.png" server="ftp.adthrift.com/www/artists/" local="3447111254" remote="318763443846026232" Dst="-1" /><file name="shwcase_image3.png" server="ftp.adthrift.com/www/artists/" local="3453145143" remote="318763443846318372" Dst="-1" /><file name="slogan.png" server="ftp.adthrift.com/www/artists/" local="3447111254" remote="318763443846026232" Dst="-1" /><file name="sort_asc.png" server="ftp.adthrift.com/www/artists/" local="3447111254" remote="318763443846026232" Dst="-1" /><file name="sort_asc_disabled.png" server="ftp.adthrift.com/www/artists/" local="3447111254" remote="318763443846026232" Dst="-1" /><file name="sort_both.png" server="ftp.adthrift.com/www/artists/" local="3447111254" remote="318763443846026232" Dst="-1" /><file name="sort_desc.png" server="ftp.adthrift.com/www/artists/" local="3447111254" remote="318763443846026232" Dst="-1" /><file name="sort_desc_disabled.png" server="ftp.adthrift.com/www/artists/" local="3447111256" remote="318763443846026232" Dst="-1" /><file name="start.png" server="ftp.adthrift.com/www/artists/" local="3447111256" remote="318763443846026232" Dst="-1" /><file name="step1.png" server="ftp.adthrift.com/www/artists/" local="3450551410" remote="318763443846026232" Dst="-1" /><file name="Sorting icons.psd" server="ftp.adthrift.com/www/artists/" local="3447111256" remote="318763443846026232" Dst="-1" /><file name="step2.png" server="ftp.adthrift.com/www/artists/" local="3450551424" remote="318763443846026232" Dst="-1" /><file name="step3.png" server="ftp.adthrift.com/www/artists/" local="3450551434" remote="318763443846026232" Dst="-1" /><file name="step4.png" server="ftp.adthrift.com/www/artists/" local="3450551414" remote="318763443846026232" Dst="-1" /><file name="step5.png" server="ftp.adthrift.com/www/artists/" local="3450551384" remote="318763443846026232" Dst="-1" /><file name="step6.png" server="ftp.adthrift.com/www/artists/" local="3450551418" remote="318763443846026232" Dst="-1" /><file name="step7.png" server="ftp.adthrift.com/www/artists/" local="3450551438" remote="318763443846026232" Dst="-1" /><file name="street.jpg" server="ftp.adthrift.com/www/artists/" local="3447111258" remote="318763443846026232" Dst="-1" /><file name="street2.png" server="ftp.adthrift.com/www/artists/" local="3447111258" remote="318763443846026232" Dst="-1" /><file name="switch.gif" server="ftp.adthrift.com/www/artists/" local="3447111260" remote="318763443846026232" Dst="-1" /><file name="street.png" server="ftp.adthrift.com/www/artists/" local="3447111260" remote="318763443846026232" Dst="-1" /><file name="twitter.jpg" server="ftp.adthrift.com/www/artists/" local="3447111260" remote="318763443846026232" Dst="-1" /><file name="street3.png" server="ftp.adthrift.com/www/artists/" local="3447111262" remote="318763443846026232" Dst="-1" /><file name="TypeBox.png" server="ftp.adthrift.com/www/artists/" local="3447111260" remote="318763443846026232" Dst="-1" /><file name="TypeBox2.png" server="ftp.adthrift.com/www/artists/" local="3447111260" remote="318763443846026232" Dst="-1" /><file name="unnextbtn.png" server="ftp.adthrift.com/www/artists/" local="3447111260" remote="318763443846026232" Dst="-1" /><file name="unpressed.png" server="ftp.adthrift.com/www/artists/" local="3447111262" remote="318763443846026232" Dst="-1" /><file name="unpressedfor.png" server="ftp.adthrift.com/www/artists/" local="3447111262" remote="318763443846026232" Dst="-1" /><file name="uploadbtn.png" server="ftp.adthrift.com/www/artists/" local="3447111262" remote="318763443846026232" Dst="-1" /><file name="waterleak.png" server="ftp.adthrift.com/www/artists/" local="3447111262" remote="318763443846026232" Dst="-1" /><file name="video.png" server="ftp.adthrift.com/www/artists/" local="3450551454" remote="318763443846026232" Dst="-1" /><file name="what_the.png" server="ftp.adthrift.com/www/artists/" local="3447111262" remote="318763443846026232" Dst="-1" /><file name="transparentBlack.png" server="ftp.adthrift.com/www/artists/" local="3447666362" remote="318763443846026232" Dst="-1" /><file name="youtube.jpg" server="ftp.adthrift.com/www/artists/" local="3447111264" remote="318763443846026232" Dst="-1" /><file name="whitegoi.png" server="ftp.adthrift.com/www/artists/" local="3447111264" remote="318763443846026232" Dst="-1" /><file name="shwcase_image3.psd" server="ftp.adthrift.com/www/artists/" local="3453203021" remote="318763443846318372" Dst="-1" /></dwsync>