<?xml version="1.0" encoding="utf-8" ?><dwsync><file name="cp1250.map" server="ftp.adthrift.com/www/artists/" local="3447111402" remote="318763443846026052" Dst="-1" /><file name="cp1251.map" server="ftp.adthrift.com/www/artists/" local="3447111402" remote="318763443846026052" Dst="-1" /><file name="cp1252.map" server="ftp.adthrift.com/www/artists/" local="3447111402" remote="318763443846026052" Dst="-1" /><file name="cp1255.map" server="ftp.adthrift.com/www/artists/" local="3447111402" remote="318763443846026052" Dst="-1" /><file name="cp1254.map" server="ftp.adthrift.com/www/artists/" local="3447111402" remote="318763443846026052" Dst="-1" /><file name="cp1253.map" server="ftp.adthrift.com/www/artists/" local="3447111402" remote="318763443846026052" Dst="-1" /><file name="cp1257.map" server="ftp.adthrift.com/www/artists/" local="3447111402" remote="318763443846026052" Dst="-1" /><file name="cp1258.map" server="ftp.adthrift.com/www/artists/" local="3447111402" remote="318763443846026052" Dst="-1" /><file name="cp874.map" server="ftp.adthrift.com/www/artists/" local="3447111402" remote="318763443846026052" Dst="-1" /><file name="iso-8859-1.map" server="ftp.adthrift.com/www/artists/" local="3447111404" remote="318763443846026052" Dst="-1" /><file name="iso-8859-11.map" server="ftp.adthrift.com/www/artists/" local="3447111404" remote="318763443846026052" Dst="-1" /><file name="iso-8859-15.map" server="ftp.adthrift.com/www/artists/" local="3447111404" remote="318763443846026052" Dst="-1" /><file name="iso-8859-16.map" server="ftp.adthrift.com/www/artists/" local="3447111404" remote="318763443846026052" Dst="-1" /><file name="iso-8859-2.map" server="ftp.adthrift.com/www/artists/" local="3447111404" remote="318763443846026052" Dst="-1" /><file name="iso-8859-4.map" server="ftp.adthrift.com/www/artists/" local="3447111404" remote="318763443846026052" Dst="-1" /><file name="iso-8859-5.map" server="ftp.adthrift.com/www/artists/" local="3447111404" remote="318763443846026052" Dst="-1" /><file name="iso-8859-7.map" server="ftp.adthrift.com/www/artists/" local="3447111404" remote="318763443846026052" Dst="-1" /><file name="iso-8859-9.map" server="ftp.adthrift.com/www/artists/" local="3447111404" remote="318763443846026052" Dst="-1" /><file name="koi8-r.map" server="ftp.adthrift.com/www/artists/" local="3447111404" remote="318763443846026052" Dst="-1" /><file name="koi8-u.map" server="ftp.adthrift.com/www/artists/" local="3447111404" remote="318763443846026052" Dst="-1" /><file name="makefont.php" server="ftp.adthrift.com/www/artists/" local="3447111406" remote="318763443846026052" Dst="-1" /><file name="ttfparser.php" server="ftp.adthrift.com/www/artists/" local="3447111406" remote="318763443846026052" Dst="-1" /></dwsync>