<?xml version="1.0" encoding="utf-8" ?><dwsync><file name="CodeIgniter.php" server="ftp.adthrift.com/www/artists/" local="3447111322" remote="318763443846026292" Dst="-1" /><file name="Benchmark.php" server="ftp.adthrift.com/www/artists/" local="3447111322" remote="318763443846026292" Dst="-1" /><file name="Common.php" server="ftp.adthrift.com/www/artists/" local="3447111322" remote="318763443846026292" Dst="-1" /><file name="Config.php" server="ftp.adthrift.com/www/artists/" local="3447111322" remote="318763443846026292" Dst="-1" /><file name="Controller.php" server="ftp.adthrift.com/www/artists/" local="3447111322" remote="318763443846026292" Dst="-1" /><file name="Exceptions.php" server="ftp.adthrift.com/www/artists/" local="3447111322" remote="318763443846026292" Dst="-1" /><file name="Hooks.php" server="ftp.adthrift.com/www/artists/" local="3447111324" remote="318763443846026292" Dst="-1" /><file name="index.html" server="ftp.adthrift.com/www/artists/" local="3447111324" remote="318763443846026292" Dst="-1" /><file name="Input.php" server="ftp.adthrift.com/www/artists/" local="3447111324" remote="318763443846026292" Dst="-1" /><file name="Lang.php" server="ftp.adthrift.com/www/artists/" local="3447111324" remote="318763443846026292" Dst="-1" /><file name="Loader.php" server="ftp.adthrift.com/www/artists/" local="3447111324" remote="318763443846026292" Dst="-1" /><file name="Model.php" server="ftp.adthrift.com/www/artists/" local="3447111324" remote="318763443846026292" Dst="-1" /><file name="Output.php" server="ftp.adthrift.com/www/artists/" local="3447111324" remote="318763443846026292" Dst="-1" /><file name="Router.php" server="ftp.adthrift.com/www/artists/" local="3447111324" remote="318763443846026292" Dst="-1" /><file name="URI.php" server="ftp.adthrift.com/www/artists/" local="3447111326" remote="318763443846026292" Dst="-1" /><file name="Utf8.php" server="ftp.adthrift.com/www/artists/" local="3447111326" remote="318763443846026292" Dst="-1" /><file name="Security.php" server="ftp.adthrift.com/www/artists/" local="3447111324" remote="318763443846026292" Dst="-1" /></dwsync>