<?xml version="1.0" encoding="utf-8" ?><dwsync><file name="ad_approval.css" server="ftp.adthrift.com/www/artists/" local="3447111284" remote="318763443846026292" Dst="-1" /><file name="banking.css" server="ftp.adthrift.com/www/artists/" local="3453136230" remote="318763443846032772" Dst="-1" /><file name="cancel.css" server="ftp.adthrift.com/www/artists/" local="3447111284" remote="318763443846026292" Dst="-1" /><file name="checkout.css" server="ftp.adthrift.com/www/artists/" local="3447111284" remote="318763443846026292" Dst="-1" /><file name="charts.css" server="ftp.adthrift.com/www/artists/" local="3447326180" remote="318763443846026292" Dst="-1" /><file name="checkout_thankyou.css" server="ftp.adthrift.com/www/artists/" local="3447111284" remote="318763443846026292" Dst="-1" /><file name="DT_Tables_General.css" server="ftp.adthrift.com/www/artists/" local="3447111284" remote="318763443846026292" Dst="-1" /><file name="faq.css" server="ftp.adthrift.com/www/artists/" local="3447111284" remote="318763443846026292" Dst="-1" /><file name="general.css" server="ftp.adthrift.com/www/artists/" local="3453416920" remote="318763443846318432" Dst="-1" /><file name="main2.css" server="ftp.adthrift.com/www/artists/" local="3452821369" remote="318763443846026292" Dst="-1" /><file name="main.css" server="ftp.adthrift.com/www/artists/" local="3453213661" remote="318763443846318432" Dst="-1" /><file name="manage.css" server="ftp.adthrift.com/www/artists/" local="3447111286" remote="318763443846026292" Dst="-1" /><file name="manage_apps.css" server="ftp.adthrift.com/www/artists/" local="3447111286" remote="318763443846026292" Dst="-1" /><file name="manage_app.css" server="ftp.adthrift.com/www/artists/" local="3447111286" remote="318763443846026292" Dst="-1" /><file name="manage_delete.css" server="ftp.adthrift.com/www/artists/" local="3447111286" remote="318763443846026292" Dst="-1" /><file name="manage_edit.css" server="ftp.adthrift.com/www/artists/" local="3447111286" remote="318763443846026292" Dst="-1" /><file name="manage_deletedApp.css" server="ftp.adthrift.com/www/artists/" local="3447111286" remote="318763443846026292" Dst="-1" /><file name="manage_email.css" server="ftp.adthrift.com/www/artists/" local="3447111286" remote="318763443846026292" Dst="-1" /><file name="manage_getAppDescription.css" server="ftp.adthrift.com/www/artists/" local="3447111286" remote="318763443846026292" Dst="-1" /><file name="manage_entertainment.css" server="ftp.adthrift.com/www/artists/" local="3453246275" remote="318763443846318432" Dst="-1" /><file name="manage_overview.css" server="ftp.adthrift.com/www/artists/" local="3452869132" remote="318763443846026292" Dst="-1" /><file name="precancel.css" server="ftp.adthrift.com/www/artists/" local="3447111286" remote="318763443846026292" Dst="-1" /><file name="manage_viewall.css" server="ftp.adthrift.com/www/artists/" local="3447111286" remote="318763443846026292" Dst="-1" /><file name="manage_users.css" server="ftp.adthrift.com/www/artists/" local="3452890126" remote="318763443846026292" Dst="-1" /><file name="setting.css" server="ftp.adthrift.com/www/artists/" local="3447111286" remote="318763443846026292" Dst="-1" /><file name="top_apps.css" server="ftp.adthrift.com/www/artists/" local="3447111286" remote="318763443846026292" Dst="-1" /></dwsync>