<?xml version="1.0" encoding="utf-8" ?><dwsync><file name=".DS_Store" server="ftp.adthrift.com/www/artists/" local="3447111288" remote="318763443846026292" Dst="-1" /><file name="ad_approval.js" server="ftp.adthrift.com/www/artists/" local="3447111288" remote="318763443846026292" Dst="-1" /><file name="banking.js" server="ftp.adthrift.com/www/artists/" local="3447111288" remote="318763443846026292" Dst="-1" /><file name="blockUI.js" server="ftp.adthrift.com/www/artists/" local="3447501062" remote="318763443846026292" Dst="-1" /><file name="charts.js" server="ftp.adthrift.com/www/artists/" local="3453158363" remote="318763443846318432" Dst="-1" /><file name="charts_1.js" server="ftp.adthrift.com/www/artists/" local="3453148554" remote="318763443846318432" Dst="-1" /><file name="DT_bootstrap.js" server="ftp.adthrift.com/www/artists/" local="3447111290" remote="318763443846026292" Dst="-1" /><file name="DT_bootstrap_banking.js" server="ftp.adthrift.com/www/artists/" local="3447111290" remote="318763443846026292" Dst="-1" /><file name="entertainment_app.js" server="ftp.adthrift.com/www/artists/" local="3453246361" remote="318763443846318432" Dst="-1" /><file name="index.html" server="ftp.adthrift.com/www/artists/" local="3447594190" remote="318763443846026292" Dst="-1" /><file name="jquery.placeholder.js" server="ftp.adthrift.com/www/artists/" local="3447715462" remote="318763443846026292" Dst="-1" /><file name="jquery.tablednd.js" server="ftp.adthrift.com/www/artists/" local="3447111290" remote="318763443846026292" Dst="-1" /><file name="manage_checkout.js" server="ftp.adthrift.com/www/artists/" local="3447594206" remote="318763443846026292" Dst="-1" /><file name="manage_createApp.js" server="ftp.adthrift.com/www/artists/" local="3448023330" remote="318763443846026292" Dst="-1" /><file name="manage_email.js" server="ftp.adthrift.com/www/artists/" local="3447111290" remote="318763443846026292" Dst="-1" /><file name="manage_users.js" server="ftp.adthrift.com/www/artists/" local="3452904363" remote="318763443846026292" Dst="-1" /><file name="register.php" server="ftp.adthrift.com/www/artists/" local="3448023294" remote="318763443846026292" Dst="-1" /><file name="jquery.dataTables.js" server="ftp.adthrift.com/www/artists/" local="3447111292" remote="318763443846026292" Dst="-1" /><file name="entertainment_app2.js" server="ftp.adthrift.com/www/artists/" local="3453422997" remote="318763443846318432" Dst="-1" /></dwsync>