<?xml version="1.0" encoding="utf-8" ?><dwsync><file name="DB.php" server="ftp.adthrift.com/www/artists/" local="3447111326" remote="318763443846026292" Dst="-1" /><file name="DB_cache.php" server="ftp.adthrift.com/www/artists/" local="3447111326" remote="318763443846026292" Dst="-1" /><file name="DB_active_rec.php" server="ftp.adthrift.com/www/artists/" local="3447111326" remote="318763443846026292" Dst="-1" /><file name="DB_driver.php" server="ftp.adthrift.com/www/artists/" local="3447111326" remote="318763443846026292" Dst="-1" /><file name="DB_forge.php" server="ftp.adthrift.com/www/artists/" local="3447111328" remote="318763443846026292" Dst="-1" /><file name="DB_result.php" server="ftp.adthrift.com/www/artists/" local="3447111328" remote="318763443846026292" Dst="-1" /><file name="DB_utility.php" server="ftp.adthrift.com/www/artists/" local="3447111328" remote="318763443846026292" Dst="-1" /><file name="index.html" server="ftp.adthrift.com/www/artists/" local="3447111328" remote="318763443846026352" Dst="-1" /></dwsync>