<?xml version="1.0" encoding="utf-8" ?><dwsync><file name="20k_c1.txt" server="ftp.adthrift.com/www/artists/" local="3447111406" remote="318763443846026052" Dst="-1" /><file name="20k_c2.txt" server="ftp.adthrift.com/www/artists/" local="3447111406" remote="318763443846026052" Dst="-1" /><file name="calligra.php" server="ftp.adthrift.com/www/artists/" local="3447111406" remote="318763443846026052" Dst="-1" /><file name="calligra.ttf" server="ftp.adthrift.com/www/artists/" local="3447111406" remote="318763443846026052" Dst="-1" /><file name="calligra.z" server="ftp.adthrift.com/www/artists/" local="3447111408" remote="318763443846026052" Dst="-1" /><file name="countries.txt" server="ftp.adthrift.com/www/artists/" local="3447111408" remote="318763443846026052" Dst="-1" /><file name="index.htm" server="ftp.adthrift.com/www/artists/" local="3447111408" remote="318763443846026052" Dst="-1" /><file name="logo.png" server="ftp.adthrift.com/www/artists/" local="3447111408" remote="318763443846026052" Dst="-1" /><file name="makefont.php" server="ftp.adthrift.com/www/artists/" local="3447111408" remote="318763443846026052" Dst="-1" /><file name="tuto1.htm" server="ftp.adthrift.com/www/artists/" local="3447111408" remote="318763443846026052" Dst="-1" /><file name="tuto1.php" server="ftp.adthrift.com/www/artists/" local="3447111408" remote="318763443846026052" Dst="-1" /><file name="tuto2.htm" server="ftp.adthrift.com/www/artists/" local="3447111408" remote="318763443846026052" Dst="-1" /><file name="tuto2.php" server="ftp.adthrift.com/www/artists/" local="3447111408" remote="318763443846026052" Dst="-1" /><file name="tuto3.htm" server="ftp.adthrift.com/www/artists/" local="3447111408" remote="318763443846026052" Dst="-1" /><file name="tuto4.php" server="ftp.adthrift.com/www/artists/" local="3447111410" remote="318763443846026052" Dst="-1" /><file name="tuto3.php" server="ftp.adthrift.com/www/artists/" local="3447111408" remote="318763443846026052" Dst="-1" /><file name="tuto4.htm" server="ftp.adthrift.com/www/artists/" local="3447111410" remote="318763443846026052" Dst="-1" /><file name="tuto5.htm" server="ftp.adthrift.com/www/artists/" local="3447111410" remote="318763443846026052" Dst="-1" /><file name="tuto5.php" server="ftp.adthrift.com/www/artists/" local="3447111410" remote="318763443846026052" Dst="-1" /><file name="tuto6.htm" server="ftp.adthrift.com/www/artists/" local="3447111410" remote="318763443846026052" Dst="-1" /><file name="tuto6.php" server="ftp.adthrift.com/www/artists/" local="3447111410" remote="318763443846026052" Dst="-1" /><file name="tuto7.htm" server="ftp.adthrift.com/www/artists/" local="3447111410" remote="318763443846026052" Dst="-1" /><file name="tuto7.php" server="ftp.adthrift.com/www/artists/" local="3447111410" remote="318763443846026052" Dst="-1" /></dwsync>