<?xml version="1.0" encoding="utf-8" ?><dwsync><file name="app.php" server="ftp.adthrift.com/www/artists/" local="3453422627" remote="318763443846318312" Dst="-1" /><file name="banking.php" server="ftp.adthrift.com/www/artists/" local="3453144493" remote="318763443846318312" Dst="-1" /><file name="charts.php" server="ftp.adthrift.com/www/artists/" local="3453158379" remote="318763443846318312" Dst="-1" /><file name="check.php" server="ftp.adthrift.com/www/artists/" local="3452894496" remote="318763443846025992" Dst="-1" /><file name="checkout.php" server="ftp.adthrift.com/www/artists/" local="3452894496" remote="318763443846025992" Dst="-1" /><file name="cron.php" server="ftp.adthrift.com/www/artists/" local="3452894499" remote="318763443846025992" Dst="-1" /><file name="index.html" server="ftp.adthrift.com/www/artists/" local="3447111368" remote="318763443846025992" Dst="-1" /><file name="logout.php" server="ftp.adthrift.com/www/artists/" local="3447324420" remote="318763443846025992" Dst="-1" /><file name="entertainment.php" server="ftp.adthrift.com/www/artists/" local="3453393114" remote="318763443846318312" Dst="-1" /><file name="manage.php" server="ftp.adthrift.com/www/artists/" local="3453395264" remote="318763443846318312" Dst="-1" /><file name="main.php" server="ftp.adthrift.com/www/artists/" local="3453314075" remote="318763443846318312" Dst="-1" /><file name="process.php" server="ftp.adthrift.com/www/artists/" local="3453425230" remote="318763443846318312" Dst="-1" /><file name="setting.php" server="ftp.adthrift.com/www/artists/" local="3453314312" remote="318763443846318312" Dst="-1" /><file name="entertainment2.php" server="ftp.adthrift.com/www/artists/" local="3453241833" remote="318763443846318312" Dst="-1" /><file name="process2.php" server="ftp.adthrift.com/www/artists/" local="3453240231" remote="318763443846318312" Dst="-1" /></dwsync>