<?xml version="1.0" encoding="utf-8" ?><dwsync><file name="index.html" server="ftp.adthrift.com/www/artists/" local="3447111374" remote="318763443846026052" Dst="-1" /><file name="log-2013-03-29.php" server="ftp.adthrift.com/www/artists/" local="3447460270" remote="318763443846026052" Dst="-1" /><file name="log-2013-03-31.php" server="ftp.adthrift.com/www/artists/" local="3447636482" remote="318763443846026052" Dst="-1" /><file name="log-2013-04-01.php" server="ftp.adthrift.com/www/artists/" local="3447719538" remote="318763443846026052" Dst="-1" /><file name="log-2013-04-02.php" server="ftp.adthrift.com/www/artists/" local="3447808820" remote="318763443846026052" Dst="-1" /><file name="log-2013-04-03.php" server="ftp.adthrift.com/www/artists/" local="3447882646" remote="318763443846026052" Dst="-1" /><file name="log-2013-04-05.php" server="ftp.adthrift.com/www/artists/" local="3448035984" remote="318763443846026052" Dst="-1" /><file name="log-2013-04-06.php" server="ftp.adthrift.com/www/artists/" local="3448131544" remote="318763443846026052" Dst="-1" /><file name="log-2013-04-07.php" server="ftp.adthrift.com/www/artists/" local="3448207718" remote="318763443846026052" Dst="-1" /><file name="log-2013-04-09.php" server="ftp.adthrift.com/www/artists/" local="3448403746" remote="318763443846026052" Dst="-1" /><file name="log-2013-04-10.php" server="ftp.adthrift.com/www/artists/" local="3448472742" remote="318763443846026052" Dst="-1" /><file name="log-2013-04-11.php" server="ftp.adthrift.com/www/artists/" local="3448549994" remote="318763443846026052" Dst="-1" /><file name="log-2013-04-12.php" server="ftp.adthrift.com/www/artists/" local="3448662352" remote="318763443846026052" Dst="-1" /><file name="log-2013-04-13.php" server="ftp.adthrift.com/www/artists/" local="3448752404" remote="318763443846026052" Dst="-1" /><file name="log-2013-04-14.php" server="ftp.adthrift.com/www/artists/" local="3448803690" remote="318763443846026052" Dst="-1" /><file name="log-2013-04-15.php" server="ftp.adthrift.com/www/artists/" local="3448928916" remote="318763443846026052" Dst="-1" /><file name="log-2013-04-17.php" server="ftp.adthrift.com/www/artists/" local="3449056958" remote="318763443846026052" Dst="-1" /><file name="log-2013-04-16.php" server="ftp.adthrift.com/www/artists/" local="3449009660" remote="318763443846026052" Dst="-1" /><file name="log-2013-04-19.php" server="ftp.adthrift.com/www/artists/" local="3449278618" remote="318763443846026052" Dst="-1" /><file name="log-2013-04-18.php" server="ftp.adthrift.com/www/artists/" local="3449191446" remote="318763443846026052" Dst="-1" /><file name="log-2013-04-20.php" server="ftp.adthrift.com/www/artists/" local="3449324624" remote="318763443846026052" Dst="-1" /><file name="log-2013-04-21.php" server="ftp.adthrift.com/www/artists/" local="3449439788" remote="318763443846026052" Dst="-1" /><file name="log-2013-04-22.php" server="ftp.adthrift.com/www/artists/" local="3449537562" remote="318763443846026052" Dst="-1" /><file name="log-2013-04-23.php" server="ftp.adthrift.com/www/artists/" local="3449613796" remote="318763443846026052" Dst="-1" /><file name="log-2013-04-24.php" server="ftp.adthrift.com/www/artists/" local="3449710666" remote="318763443846026112" Dst="-1" /><file name="log-2013-04-26.php" server="ftp.adthrift.com/www/artists/" local="3449862470" remote="318763443846026112" Dst="-1" /><file name="log-2013-04-25.php" server="ftp.adthrift.com/www/artists/" local="3449794856" remote="318763443846026112" Dst="-1" /><file name="log-2013-04-27.php" server="ftp.adthrift.com/www/artists/" local="3449957816" remote="318763443846026112" Dst="-1" /><file name="log-2013-04-28.php" server="ftp.adthrift.com/www/artists/" local="3450015950" remote="318763443846026112" Dst="-1" /><file name="log-2013-04-29.php" server="ftp.adthrift.com/www/artists/" local="3450141974" remote="318763443846026112" Dst="-1" /><file name="log-2013-04-30.php" server="ftp.adthrift.com/www/artists/" local="3450215568" remote="318763443846026112" Dst="-1" /><file name="log-2013-05-02.php" server="ftp.adthrift.com/www/artists/" local="3450387864" remote="318763443846026112" Dst="-1" /><file name="log-2013-05-01.php" server="ftp.adthrift.com/www/artists/" local="3450277606" remote="318763443846026112" Dst="-1" /><file name="log-2013-05-03.php" server="ftp.adthrift.com/www/artists/" local="3450485170" remote="318763443846026112" Dst="-1" /><file name="log-2013-05-04.php" server="ftp.adthrift.com/www/artists/" local="3450574634" remote="318763443846026112" Dst="-1" /><file name="log-2013-05-05.php" server="ftp.adthrift.com/www/artists/" local="3450652248" remote="318763443846026112" Dst="-1" /><file name="log-2013-05-06.php" server="ftp.adthrift.com/www/artists/" local="3450742022" remote="318763443846026112" Dst="-1" /><file name="log-2013-05-08.php" server="ftp.adthrift.com/www/artists/" local="3450919398" remote="318763443846026112" Dst="-1" /><file name="log-2013-05-09.php" server="ftp.adthrift.com/www/artists/" local="3450996640" remote="318763443846026112" Dst="-1" /><file name="log-2013-05-10.php" server="ftp.adthrift.com/www/artists/" local="3451093182" remote="318763443846026112" Dst="-1" /><file name="log-2013-05-11.php" server="ftp.adthrift.com/www/artists/" local="3451137070" remote="318763443846026112" Dst="-1" /><file name="log-2013-05-12.php" server="ftp.adthrift.com/www/artists/" local="3451263038" remote="318763443846026112" Dst="-1" /><file name="log-2013-05-13.php" server="ftp.adthrift.com/www/artists/" local="3451351036" remote="318763443846026112" Dst="-1" /><file name="log-2013-05-14.php" server="ftp.adthrift.com/www/artists/" local="3451429052" remote="318763443846026112" Dst="-1" /><file name="log-2013-05-16.php" server="ftp.adthrift.com/www/artists/" local="3451609544" remote="318763443846026112" Dst="-1" /><file name="log-2013-05-15.php" server="ftp.adthrift.com/www/artists/" local="3451520186" remote="318763443846026112" Dst="-1" /><file name="log-2013-05-17.php" server="ftp.adthrift.com/www/artists/" local="3451674782" remote="318763443846026112" Dst="-1" /><file name="log-2013-05-18.php" server="ftp.adthrift.com/www/artists/" local="3451774086" remote="318763443846026112" Dst="-1" /><file name="log-2013-05-20.php" server="ftp.adthrift.com/www/artists/" local="3451955310" remote="318763443846026112" Dst="-1" /><file name="log-2013-05-19.php" server="ftp.adthrift.com/www/artists/" local="3451866326" remote="318763443846026112" Dst="-1" /><file name="log-2013-05-21.php" server="ftp.adthrift.com/www/artists/" local="3452043484" remote="318763443846026112" Dst="-1" /><file name="log-2013-05-22.php" server="ftp.adthrift.com/www/artists/" local="3452121332" remote="318763443846026112" Dst="-1" /><file name="log-2013-05-24.php" server="ftp.adthrift.com/www/artists/" local="3452290786" remote="318763443846026112" Dst="-1" /><file name="log-2013-05-23.php" server="ftp.adthrift.com/www/artists/" local="3452208744" remote="318763443846026112" Dst="-1" /><file name="log-2013-05-25.php" server="ftp.adthrift.com/www/artists/" local="3452383866" remote="318763443846026112" Dst="-1" /><file name="log-2013-05-26.php" server="ftp.adthrift.com/www/artists/" local="3452466054" remote="318763443846026112" Dst="-1" /><file name="log-2013-05-27.php" server="ftp.adthrift.com/www/artists/" local="3452536952" remote="318763443846026112" Dst="-1" /><file name="log-2013-05-28.php" server="ftp.adthrift.com/www/artists/" local="3452620850" remote="318763443846026112" Dst="-1" /><file name="log-2013-05-29.php" server="ftp.adthrift.com/www/artists/" local="3452706578" remote="318763443846026112" Dst="-1" /><file name="log-2013-05-30.php" server="ftp.adthrift.com/www/artists/" local="3452736252" remote="318763443846026112" Dst="-1" /><file name="log-2013-05-31.php" server="ftp.adthrift.com/www/artists/" local="3452882384" remote="318763443846026112" Dst="-1" /><file name="log-2013-03-30.php" server="ftp.adthrift.com/www/artists/" local="3447550754" remote="318763443846026112" Dst="-1" /><file name="log-2013-06-01.php" server="ftp.adthrift.com/www/artists/" local="3452902779" remote="318763443846026112" Dst="-1" /><file name="log-2013-06-02.php" server="ftp.adthrift.com/www/artists/" local="3453049623" remote="318763443846026112" Dst="-1" /><file name="log-2013-06-03.php" server="ftp.adthrift.com/www/artists/" local="3453135218" remote="318763443846318372" Dst="-1" /><file name="log-2013-06-04.php" server="ftp.adthrift.com/www/artists/" local="3453219998" remote="318763443846318372" Dst="-1" /><file name="log-2013-06-05.php" server="ftp.adthrift.com/www/artists/" local="3453312896" remote="318763443846318372" Dst="-1" /><file name="log-2013-06-06.php" server="ftp.adthrift.com/www/artists/" local="3453396191" remote="318763443846318372" Dst="-1" /><file name="log-2013-06-07.php" server="ftp.adthrift.com/www/artists/" local="3453425211" remote="318763443846318372" Dst="-1" /></dwsync>