<?xml version="1.0" encoding="utf-8" ?><dwsync><file name=".DS_Store" server="ftp.adthrift.com/www/artists/" local="3452814029" remote="318763443846025992" Dst="-1" /><file name=".htaccess" server="ftp.adthrift.com/www/artists/" local="3450504499" remote="318763443846025992" Dst="-1" /><file name=".htaccess.rtf" server="ftp.adthrift.com/www/artists/" local="3450496215" remote="318763443846025992" Dst="-1" /><file name=".htaccess.txt" server="ftp.adthrift.com/www/artists/" local="3450496494" remote="318763443846025992" Dst="-1" /><file name="error_log" server="ftp.adthrift.com/www/artists/" local="3452529070" remote="318763443846026292" Dst="-1" /><file name="artists.zip" server="ftp.adthrift.com/www/artists/" local="3452796982" remote="318763443846026172" Dst="-1" /><file name="index.php" server="ftp.adthrift.com/www/artists/" local="3447111216" remote="318763443846026232" Dst="-1" /><file name="noah.txt" server="ftp.adthrift.com/www/artists/" local="3447663864" remote="318763443846026232" Dst="-1" /><file name="noahs.txt" server="ftp.adthrift.com/www/artists/" local="3452527914" remote="318763443846318372" Dst="-1" /></dwsync>