<?xml version="1.0" encoding="utf-8" ?><dwsync><file name="apn.php" server="ftp.adthrift.com/www/artists/" local="3448399872" remote="318763443846025992" Dst="-1" /><file name="autoload.php" server="ftp.adthrift.com/www/artists/" local="3447111364" remote="318763443846025992" Dst="-1" /><file name="config.php" server="ftp.adthrift.com/www/artists/" local="3447412536" remote="318763443846025992" Dst="-1" /><file name="constants.php" server="ftp.adthrift.com/www/artists/" local="3447111364" remote="318763443846025992" Dst="-1" /><file name="database.php" server="ftp.adthrift.com/www/artists/" local="3452797219" remote="318763443846026292" Dst="-1" /><file name="doctypes.php" server="ftp.adthrift.com/www/artists/" local="3447111366" remote="318763443846025992" Dst="-1" /><file name="foreign_chars.php" server="ftp.adthrift.com/www/artists/" local="3447111366" remote="318763443846025992" Dst="-1" /><file name="hooks.php" server="ftp.adthrift.com/www/artists/" local="3447111366" remote="318763443846025992" Dst="-1" /><file name="index.html" server="ftp.adthrift.com/www/artists/" local="3447111366" remote="318763443846025992" Dst="-1" /><file name="migration.php" server="ftp.adthrift.com/www/artists/" local="3447111366" remote="318763443846025992" Dst="-1" /><file name="mimes.php" server="ftp.adthrift.com/www/artists/" local="3447111366" remote="318763443846025992" Dst="-1" /><file name="profiler.php" server="ftp.adthrift.com/www/artists/" local="3447111366" remote="318763443846025992" Dst="-1" /><file name="routes.php" server="ftp.adthrift.com/www/artists/" local="3447111366" remote="318763443846025992" Dst="-1" /><file name="smileys.php" server="ftp.adthrift.com/www/artists/" local="3447111366" remote="318763443846025992" Dst="-1" /><file name="user_agents.php" server="ftp.adthrift.com/www/artists/" local="3447111366" remote="318763443846025992" Dst="-1" /></dwsync>