<?xml version="1.0" encoding="utf-8" ?><dwsync><file name="courier.php" server="ftp.adthrift.com/www/artists/" local="3447111398" remote="318763443846026052" Dst="-1" /><file name="courierb.php" server="ftp.adthrift.com/www/artists/" local="3447111398" remote="318763443846026052" Dst="-1" /><file name="courierbi.php" server="ftp.adthrift.com/www/artists/" local="3447111398" remote="318763443846026052" Dst="-1" /><file name="helveticab.php" server="ftp.adthrift.com/www/artists/" local="3447111400" remote="318763443846026052" Dst="-1" /><file name="courieri.php" server="ftp.adthrift.com/www/artists/" local="3447111398" remote="318763443846026052" Dst="-1" /><file name="helvetica.php" server="ftp.adthrift.com/www/artists/" local="3447111400" remote="318763443846026052" Dst="-1" /><file name="helveticabi.php" server="ftp.adthrift.com/www/artists/" local="3447111400" remote="318763443846026052" Dst="-1" /><file name="helveticai.php" server="ftp.adthrift.com/www/artists/" local="3447111400" remote="318763443846026052" Dst="-1" /><file name="symbol.php" server="ftp.adthrift.com/www/artists/" local="3447111400" remote="318763443846026052" Dst="-1" /><file name="times.php" server="ftp.adthrift.com/www/artists/" local="3447111400" remote="318763443846026052" Dst="-1" /><file name="timesb.php" server="ftp.adthrift.com/www/artists/" local="3447111400" remote="318763443846026052" Dst="-1" /><file name="timesbi.php" server="ftp.adthrift.com/www/artists/" local="3447111400" remote="318763443846026052" Dst="-1" /><file name="timesi.php" server="ftp.adthrift.com/www/artists/" local="3447111400" remote="318763443846026052" Dst="-1" /><file name="zapfdingbats.php" server="ftp.adthrift.com/www/artists/" local="3447111400" remote="318763443846026052" Dst="-1" /></dwsync>