<?xml version="1.0" encoding="utf-8" ?><dwsync><file name="acceptpagebreak.htm" server="ftp.adthrift.com/www/artists/" local="3447111392" remote="318763443846026052" Dst="-1" /><file name="addfont.htm" server="ftp.adthrift.com/www/artists/" local="3447111392" remote="318763443846026052" Dst="-1" /><file name="addlink.htm" server="ftp.adthrift.com/www/artists/" local="3447111392" remote="318763443846026052" Dst="-1" /><file name="addpage.htm" server="ftp.adthrift.com/www/artists/" local="3447111392" remote="318763443846026052" Dst="-1" /><file name="aliasnbpages.htm" server="ftp.adthrift.com/www/artists/" local="3447111392" remote="318763443846026052" Dst="-1" /><file name="cell.htm" server="ftp.adthrift.com/www/artists/" local="3447111392" remote="318763443846026052" Dst="-1" /><file name="error.htm" server="ftp.adthrift.com/www/artists/" local="3447111392" remote="318763443846026052" Dst="-1" /><file name="footer.htm" server="ftp.adthrift.com/www/artists/" local="3447111392" remote="318763443846026052" Dst="-1" /><file name="close.htm" server="ftp.adthrift.com/www/artists/" local="3447111392" remote="318763443846026052" Dst="-1" /><file name="fpdf.htm" server="ftp.adthrift.com/www/artists/" local="3447111392" remote="318763443846026052" Dst="-1" /><file name="getstringwidth.htm" server="ftp.adthrift.com/www/artists/" local="3447111392" remote="318763443846026052" Dst="-1" /><file name="getx.htm" server="ftp.adthrift.com/www/artists/" local="3447111392" remote="318763443846026052" Dst="-1" /><file name="gety.htm" server="ftp.adthrift.com/www/artists/" local="3447111392" remote="318763443846026052" Dst="-1" /><file name="image.htm" server="ftp.adthrift.com/www/artists/" local="3447111394" remote="318763443846026052" Dst="-1" /><file name="header.htm" server="ftp.adthrift.com/www/artists/" local="3447111394" remote="318763443846026052" Dst="-1" /><file name="index.htm" server="ftp.adthrift.com/www/artists/" local="3447111394" remote="318763443846026052" Dst="-1" /><file name="line.htm" server="ftp.adthrift.com/www/artists/" local="3447111394" remote="318763443846026052" Dst="-1" /><file name="link.htm" server="ftp.adthrift.com/www/artists/" local="3447111394" remote="318763443846026052" Dst="-1" /><file name="output.htm" server="ftp.adthrift.com/www/artists/" local="3447111394" remote="318763443846026052" Dst="-1" /><file name="ln.htm" server="ftp.adthrift.com/www/artists/" local="3447111394" remote="318763443846026052" Dst="-1" /><file name="multicell.htm" server="ftp.adthrift.com/www/artists/" local="3447111394" remote="318763443846026052" Dst="-1" /><file name="setauthor.htm" server="ftp.adthrift.com/www/artists/" local="3447111394" remote="318763443846026052" Dst="-1" /><file name="rect.htm" server="ftp.adthrift.com/www/artists/" local="3447111394" remote="318763443846026052" Dst="-1" /><file name="pageno.htm" server="ftp.adthrift.com/www/artists/" local="3447111394" remote="318763443846026052" Dst="-1" /><file name="setautopagebreak.htm" server="ftp.adthrift.com/www/artists/" local="3447111394" remote="318763443846026052" Dst="-1" /><file name="setcompression.htm" server="ftp.adthrift.com/www/artists/" local="3447111394" remote="318763443846026052" Dst="-1" /><file name="setcreator.htm" server="ftp.adthrift.com/www/artists/" local="3447111394" remote="318763443846026052" Dst="-1" /><file name="setdrawcolor.htm" server="ftp.adthrift.com/www/artists/" local="3447111396" remote="318763443846026052" Dst="-1" /><file name="setdisplaymode.htm" server="ftp.adthrift.com/www/artists/" local="3447111396" remote="318763443846026052" Dst="-1" /><file name="setfillcolor.htm" server="ftp.adthrift.com/www/artists/" local="3447111396" remote="318763443846026052" Dst="-1" /><file name="setkeywords.htm" server="ftp.adthrift.com/www/artists/" local="3447111396" remote="318763443846026052" Dst="-1" /><file name="setfont.htm" server="ftp.adthrift.com/www/artists/" local="3447111396" remote="318763443846026052" Dst="-1" /><file name="setfontsize.htm" server="ftp.adthrift.com/www/artists/" local="3447111396" remote="318763443846026052" Dst="-1" /><file name="setleftmargin.htm" server="ftp.adthrift.com/www/artists/" local="3447111396" remote="318763443846026052" Dst="-1" /><file name="setlinewidth.htm" server="ftp.adthrift.com/www/artists/" local="3447111396" remote="318763443846026052" Dst="-1" /><file name="setlink.htm" server="ftp.adthrift.com/www/artists/" local="3447111396" remote="318763443846026052" Dst="-1" /><file name="setmargins.htm" server="ftp.adthrift.com/www/artists/" local="3447111396" remote="318763443846026052" Dst="-1" /><file name="setrightmargin.htm" server="ftp.adthrift.com/www/artists/" local="3447111396" remote="318763443846026052" Dst="-1" /><file name="setsubject.htm" server="ftp.adthrift.com/www/artists/" local="3447111396" remote="318763443846026052" Dst="-1" /><file name="settextcolor.htm" server="ftp.adthrift.com/www/artists/" local="3447111396" remote="318763443846026052" Dst="-1" /><file name="settitle.htm" server="ftp.adthrift.com/www/artists/" local="3447111396" remote="318763443846026052" Dst="-1" /><file name="settopmargin.htm" server="ftp.adthrift.com/www/artists/" local="3447111396" remote="318763443846026052" Dst="-1" /><file name="setx.htm" server="ftp.adthrift.com/www/artists/" local="3447111398" remote="318763443846026052" Dst="-1" /><file name="setxy.htm" server="ftp.adthrift.com/www/artists/" local="3447111398" remote="318763443846026052" Dst="-1" /><file name="sety.htm" server="ftp.adthrift.com/www/artists/" local="3447111398" remote="318763443846026052" Dst="-1" /><file name="write.htm" server="ftp.adthrift.com/www/artists/" local="3447111398" remote="318763443846026052" Dst="-1" /><file name="text.htm" server="ftp.adthrift.com/www/artists/" local="3447111398" remote="318763443846026052" Dst="-1" /></dwsync>