<?xml version="1.0" encoding="utf-8" ?><dwsync><file name="index.html" server="ftp.adthrift.com/www/artists/" local="3447111374" remote="318763443846026112" Dst="-1" /><file name="model_app_process.php" server="ftp.adthrift.com/www/artists/" local="3452894529" remote="318763443846026112" Dst="-1" /><file name="model_apps.php" server="ftp.adthrift.com/www/artists/" local="3453425471" remote="318763443846318372" Dst="-1" /><file name="model_chart.php" server="ftp.adthrift.com/www/artists/" local="3453149748" remote="318763443846318372" Dst="-1" /><file name="model_charts.php" server="ftp.adthrift.com/www/artists/" local="3453158387" remote="318763443846318372" Dst="-1" /><file name="model_checkout.php" server="ftp.adthrift.com/www/artists/" local="3452894530" remote="318763443846026112" Dst="-1" /><file name="model_charts_for_users.php" server="ftp.adthrift.com/www/artists/" local="3447111374" remote="318763443846026112" Dst="-1" /><file name="model_checkout_oath.php" server="ftp.adthrift.com/www/artists/" local="3453139621" remote="318763443846032532" Dst="-1" /><file name="model_faq.php" server="ftp.adthrift.com/www/artists/" local="3452894530" remote="318763443846026112" Dst="-1" /><file name="model_cron.php" server="ftp.adthrift.com/www/artists/" local="3452894530" remote="318763443846026112" Dst="-1" /><file name="model_insert_update_music_app.php" server="ftp.adthrift.com/www/artists/" local="3453248002" remote="318763443846318372" Dst="-1" /><file name="model_page_entertainment.php" server="ftp.adthrift.com/www/artists/" local="3453345437" remote="318763443846318372" Dst="-1" /><file name="model_musicapps.php" server="ftp.adthrift.com/www/artists/" local="3453248210" remote="318763443846318372" Dst="-1" /><file name="model_page_entertainment_website.php" server="ftp.adthrift.com/www/artists/" local="3452900277" remote="318763443846026112" Dst="-1" /><file name="model_payments.php" server="ftp.adthrift.com/www/artists/" local="3452894530" remote="318763443846026112" Dst="-1" /><file name="model_users.php" server="ftp.adthrift.com/www/artists/" local="3453393158" remote="318763443846318372" Dst="-1" /><file name="model_insert_update_music_app2.php" server="ftp.adthrift.com/www/artists/" local="3453242033" remote="318763443846318372" Dst="-1" /></dwsync>